Product Name,Region,Current Factory,Scenario Factory,Lead Time Reduction %,Distance km,Profit Stability Score,Recommendation Score,Recommendation,Status
Lickable Wallpaper,Atlantic,Secret Factory,Wicked Choccy's,-7.95,946.14,1,33.05496186072314,Keep Current Factory,Current Factory Retained
Wonka Bar - Milk Chocolate,Interior,Wicked Choccy's,Secret Factory,-9.41,845.39,1,32.860564014788906,Keep Current Factory,Current Factory Retained
Wonka Bar - Nutty Crunch Surprise,Atlantic,Lot's O' Nuts,Wicked Choccy's,-8.39,946.14,1,32.790961860723144,Keep Current Factory,Current Factory Retained
Wonka Bar - Nutty Crunch Surprise,Interior,Lot's O' Nuts,Secret Factory,-9.59,845.39,1,32.75256401478891,Keep Current Factory,Current Factory Retained
Wonka Bar -Scrumdiddlyumptious,Interior,Lot's O' Nuts,Secret Factory,-9.73,845.39,1,32.668564014788906,Keep Current Factory,Current Factory Retained
Wonka Bar - Triple Dazzle Caramel,Interior,Wicked Choccy's,Secret Factory,-10.75,845.39,1,32.056564014788904,Keep Current Factory,Current Factory Retained
Wonka Bar - Fudge Mallows,Interior,Lot's O' Nuts,Secret Factory,-11.14,845.39,1,31.822564014788902,Keep Current Factory,Current Factory Retained
Wonka Bar - Triple Dazzle Caramel,Pacific,Wicked Choccy's,Lot's O' Nuts,-10.93,878.52,1,31.72443022457353,Keep Current Factory,Current Factory Retained
Wonka Bar - Triple Dazzle Caramel,Gulf,Wicked Choccy's,The Other Factory,-14.1,624.64,1,31.54,Keep Current Factory,Current Factory Retained
Wonka Bar - Milk Chocolate,Pacific,Wicked Choccy's,Lot's O' Nuts,-11.34,878.52,1,31.478430224573536,Keep Current Factory,Current Factory Retained
Wonka Bar - Fudge Mallows,Atlantic,Lot's O' Nuts,Wicked Choccy's,-11.55,946.14,1,30.894961860723143,Keep Current Factory,Current Factory Retained
Wonka Gum,Atlantic,Secret Factory,Wicked Choccy's,-11.6,946.14,1,30.86496186072314,Keep Current Factory,Current Factory Retained
Wonka Bar - Nutty Crunch Surprise,Gulf,Lot's O' Nuts,The Other Factory,-15.26,624.64,1,30.844,Keep Current Factory,Current Factory Retained
Wonka Bar -Scrumdiddlyumptious,Gulf,Lot's O' Nuts,The Other Factory,-16.12,624.64,1,30.328,Keep Current Factory,Current Factory Retained
Wonka Bar -Scrumdiddlyumptious,Atlantic,Lot's O' Nuts,Wicked Choccy's,-12.89,946.14,1,30.09096186072314,Keep Current Factory,Current Factory Retained
Wonka Bar - Fudge Mallows,Gulf,Lot's O' Nuts,The Other Factory,-16.85,624.64,1,29.89,Keep Current Factory,Current Factory Retained
Lickable Wallpaper,Pacific,Secret Factory,Lot's O' Nuts,-14.24,878.52,1,29.73843022457353,Keep Current Factory,Current Factory Retained
Wonka Bar - Milk Chocolate,Gulf,Wicked Choccy's,The Other Factory,-18.2,624.64,1,29.08,Keep Current Factory,Current Factory Retained
Kazookles,Atlantic,The Other Factory,Wicked Choccy's,-15.83,946.14,1,28.326961860723145,Keep Current Factory,Current Factory Retained
Wonka Bar - Triple Dazzle Caramel,Atlantic,Wicked Choccy's,Secret Factory,-11.93,1347.26,1,27.95327197448136,Keep Current Factory,Current Factory Retained
Wonka Bar - Milk Chocolate,Atlantic,Wicked Choccy's,Secret Factory,-13.11,1347.26,1,27.24527197448136,Keep Current Factory,Current Factory Retained
Wonka Bar -Scrumdiddlyumptious,Pacific,Lot's O' Nuts,Secret Factory,-11.54,2570.3,1,19.913061567448167,Keep Current Factory,Current Factory Retained
Wonka Bar - Fudge Mallows,Pacific,Lot's O' Nuts,Secret Factory,-12.85,2570.3,1,19.12706156744817,Keep Current Factory,Current Factory Retained
Wonka Bar - Nutty Crunch Surprise,Pacific,Lot's O' Nuts,Secret Factory,-13.78,2570.3,1,18.56906156744817,Keep Current Factory,Current Factory Retained
