Product Name,Region,Current Factory,Scenario Factory,Current Avg Lead Time,Predicted Lead Time,Lead Time Improvement,Lead Time Reduction %,Distance km,Profit Margin %,Profit Impact Stable,Recommendation Score
Kazookles,Atlantic,The Other Factory,Sugar Shack,1273.108108108108,1450.7025844271454,-177.5944763190373,-13.95,1975.47,7.6923076923076925,True,22.4912542156163
Kazookles,Atlantic,The Other Factory,Wicked Choccy's,1273.108108108108,1474.595636384222,-201.48752827611384,-15.83,946.14,7.6923076923076925,True,28.326961860723145
Kazookles,Atlantic,The Other Factory,Lot's O' Nuts,1273.108108108108,1481.0207498415589,-207.9126417334508,-16.33,3355.59,7.6923076923076925,True,11.726353323613878
Kazookles,Atlantic,The Other Factory,Secret Factory,1273.108108108108,1481.0207498415589,-207.9126417334508,-16.33,1347.26,7.6923076923076925,True,25.31327197448136
Kazookles,Atlantic,The Other Factory,The Other Factory,1273.108108108108,1498.5892384351337,-225.48113032702557,-17.71,1394.89,7.6923076923076925,True,24.163041596335923
Lickable Wallpaper,Atlantic,Secret Factory,Sugar Shack,1387.8285714285714,1463.1770915497475,-75.34852012117608,-5.43,1975.47,50.0,True,27.603254215616303
Lickable Wallpaper,Atlantic,Secret Factory,Lot's O' Nuts,1387.8285714285714,1490.7426716190923,-102.91410019052093,-7.42,3355.59,50.0,True,17.072353323613875
Lickable Wallpaper,Atlantic,Secret Factory,Wicked Choccy's,1387.8285714285714,1498.177226767998,-110.3486553394266,-7.95,946.14,50.0,True,33.05496186072314
Lickable Wallpaper,Atlantic,Secret Factory,Secret Factory,1387.8285714285714,1504.6023402253347,-116.7737687967633,-8.41,1347.26,50.0,True,30.06527197448136
Lickable Wallpaper,Atlantic,Secret Factory,The Other Factory,1387.8285714285714,1522.1708288189095,-134.34225739033832,-9.68,1394.89,50.0,True,28.98104159633592
Lickable Wallpaper,Pacific,Secret Factory,The Other Factory,1305.529411764706,1483.558624304976,-178.02921254027024,-13.64,2696.28,50.0,True,17.800771350384096
Lickable Wallpaper,Pacific,Secret Factory,Wicked Choccy's,1305.529411764706,1485.2766980981464,-179.74728633344057,-13.77,3580.91,50.0,True,11.738
Lickable Wallpaper,Pacific,Secret Factory,Secret Factory,1305.529411764706,1485.2766980981464,-179.74728633344057,-13.77,2570.3,50.0,True,18.57506156744817
Lickable Wallpaper,Pacific,Secret Factory,Lot's O' Nuts,1305.529411764706,1491.3842382070784,-185.8548264423725,-14.24,878.52,50.0,True,29.73843022457353
Lickable Wallpaper,Pacific,Secret Factory,Sugar Shack,1305.529411764706,1556.4167506520453,-250.8873388873394,-19.22,2294.99,50.0,True,17.167611334553342
Wonka Bar - Fudge Mallows,Atlantic,Lot's O' Nuts,Sugar Shack,1321.1715328467153,1449.8901444234746,-128.71861157675926,-9.74,1975.47,66.66666666666666,True,25.017254215616298
Wonka Bar - Fudge Mallows,Atlantic,Lot's O' Nuts,Wicked Choccy's,1321.1715328467153,1473.783196380551,-152.61166353383578,-11.55,946.14,66.66666666666666,True,30.894961860723143
Wonka Bar - Fudge Mallows,Atlantic,Lot's O' Nuts,Lot's O' Nuts,1321.1715328467153,1480.208309837888,-159.0367769911727,-12.04,3355.59,66.66666666666666,True,14.300353323613876
Wonka Bar - Fudge Mallows,Atlantic,Lot's O' Nuts,Secret Factory,1321.1715328467153,1480.208309837888,-159.0367769911727,-12.04,1347.26,66.66666666666666,True,27.88727197448136
Wonka Bar - Fudge Mallows,Atlantic,Lot's O' Nuts,The Other Factory,1321.1715328467153,1497.9174117276775,-176.7458788809622,-13.38,1394.89,66.66666666666666,True,26.76104159633592
Wonka Bar - Fudge Mallows,Gulf,Lot's O' Nuts,Sugar Shack,1304.5807560137457,1463.6984163457012,-159.11766033195545,-12.2,2136.73,66.66666666666666,True,22.4502848521955
Wonka Bar - Fudge Mallows,Gulf,Lot's O' Nuts,Wicked Choccy's,1304.5807560137457,1487.5914683027777,-183.010712289032,-14.03,897.82,66.66666666666666,True,29.73386028339766
Wonka Bar - Fudge Mallows,Gulf,Lot's O' Nuts,Lot's O' Nuts,1304.5807560137457,1494.0165817601146,-189.4358257463689,-14.52,2100.53,66.66666666666666,True,21.30318805792434
Wonka Bar - Fudge Mallows,Gulf,Lot's O' Nuts,The Other Factory,1304.5807560137457,1524.3526853668095,-219.7719293530638,-16.85,624.64,66.66666666666666,True,29.89
Wonka Bar - Fudge Mallows,Gulf,Lot's O' Nuts,Secret Factory,1304.5807560137457,1541.8794032364522,-237.29864722270645,-18.19,1329.35,66.66666666666666,True,24.3184381737798
Wonka Bar - Fudge Mallows,Interior,Lot's O' Nuts,Sugar Shack,1311.570731707317,1438.8071582799582,-127.23642657264122,-9.7,1059.31,66.66666666666666,True,31.239334905133838
Wonka Bar - Fudge Mallows,Interior,Lot's O' Nuts,Secret Factory,1311.570731707317,1457.6796451708135,-146.10891346349672,-11.14,845.39,66.66666666666666,True,31.822564014788902
Wonka Bar - Fudge Mallows,Interior,Lot's O' Nuts,Lot's O' Nuts,1311.570731707317,1469.1253236943717,-157.55459198705466,-12.01,1257.41,66.66666666666666,True,28.513132555551422
Wonka Bar - Fudge Mallows,Interior,Lot's O' Nuts,Wicked Choccy's,1311.570731707317,1475.5504371517086,-163.97970544439158,-12.5,1871.57,66.66666666666666,True,24.06416700774963
Wonka Bar - Fudge Mallows,Interior,Lot's O' Nuts,The Other Factory,1311.570731707317,1486.918037227544,-175.34730552022688,-13.37,988.32,66.66666666666666,True,29.51760226907556
Wonka Bar - Fudge Mallows,Pacific,Lot's O' Nuts,Lot's O' Nuts,1314.4340949033392,1476.177815383818,-161.74372048047871,-12.31,878.52,66.66666666666666,True,30.896430224573532
Wonka Bar - Fudge Mallows,Pacific,Lot's O' Nuts,The Other Factory,1314.4340949033392,1481.7657240447795,-167.33162914144054,-12.73,2696.28,66.66666666666666,True,18.346771350384092
Wonka Bar - Fudge Mallows,Pacific,Lot's O' Nuts,Wicked Choccy's,1314.4340949033392,1483.3431845417351,-168.90908963839593,-12.85,3580.91,66.66666666666666,True,12.29
Wonka Bar - Fudge Mallows,Pacific,Lot's O' Nuts,Secret Factory,1314.4340949033392,1483.3431845417351,-168.90908963839593,-12.85,2570.3,66.66666666666666,True,19.12706156744817
Wonka Bar - Fudge Mallows,Pacific,Lot's O' Nuts,Sugar Shack,1314.4340949033392,1551.7306517505656,-237.2965568472264,-18.05,2294.99,66.66666666666666,True,17.86961133455334
Wonka Bar - Milk Chocolate,Atlantic,Wicked Choccy's,Sugar Shack,1309.320813771518,1450.7025844271454,-141.3817706556274,-10.8,1975.47,64.92307692307693,True,24.381254215616305
Wonka Bar - Milk Chocolate,Atlantic,Wicked Choccy's,Wicked Choccy's,1309.320813771518,1474.595636384222,-165.27482261270393,-12.62,946.14,64.92307692307693,True,30.252961860723143
Wonka Bar - Milk Chocolate,Atlantic,Wicked Choccy's,Lot's O' Nuts,1309.320813771518,1481.0207498415589,-171.69993607004085,-13.11,3355.59,64.92307692307693,True,13.658353323613875
Wonka Bar - Milk Chocolate,Atlantic,Wicked Choccy's,Secret Factory,1309.320813771518,1481.0207498415589,-171.69993607004085,-13.11,1347.26,64.92307692307693,True,27.24527197448136
Wonka Bar - Milk Chocolate,Atlantic,Wicked Choccy's,The Other Factory,1309.320813771518,1498.5892384351337,-189.26842466361563,-14.46,1394.89,64.92307692307693,True,26.11304159633592
Wonka Bar - Milk Chocolate,Gulf,Wicked Choccy's,Sugar Shack,1289.7327327327328,1464.510856349372,-174.77812361663928,-13.55,2136.73,64.92307692307692,True,21.6402848521955
Wonka Bar - Milk Chocolate,Gulf,Wicked Choccy's,Wicked Choccy's,1289.7327327327328,1488.4039083064486,-198.6711755737158,-15.4,897.82,64.92307692307692,True,28.911860283397655
Wonka Bar - Milk Chocolate,Gulf,Wicked Choccy's,Lot's O' Nuts,1289.7327327327328,1494.8290217637857,-205.09628903105272,-15.9,2100.53,64.92307692307692,True,20.475188057924345
Wonka Bar - Milk Chocolate,Gulf,Wicked Choccy's,The Other Factory,1289.7327327327328,1524.4377527348722,-234.70502000213943,-18.2,624.64,64.92307692307692,True,29.08
Wonka Bar - Milk Chocolate,Gulf,Wicked Choccy's,Secret Factory,1289.7327327327328,1542.691843240123,-252.95911050739028,-19.61,1329.35,64.92307692307692,True,23.4664381737798
Wonka Bar - Milk Chocolate,Interior,Wicked Choccy's,Sugar Shack,1331.9779559118238,1439.0969402265805,-107.11898431475652,-8.04,1059.31,64.92307692307693,True,32.23533490513384
Wonka Bar - Milk Chocolate,Interior,Wicked Choccy's,Secret Factory,1331.9779559118238,1457.3826677780423,-125.40471186621858,-9.41,845.39,64.92307692307693,True,32.860564014788906
Wonka Bar - Milk Chocolate,Interior,Wicked Choccy's,Lot's O' Nuts,1331.9779559118238,1469.4151056409935,-137.43714972916996,-10.32,1257.41,64.92307692307693,True,29.527132555551415
Wonka Bar - Milk Chocolate,Interior,Wicked Choccy's,Wicked Choccy's,1331.9779559118238,1475.8402190983306,-143.86226318650688,-10.8,1871.57,64.92307692307693,True,25.08416700774963
Wonka Bar - Milk Chocolate,Interior,Wicked Choccy's,The Other Factory,1331.9779559118238,1487.0672058779512,-155.08924996612745,-11.64,988.32,64.92307692307693,True,30.55560226907556
Wonka Bar - Milk Chocolate,Pacific,Wicked Choccy's,Lot's O' Nuts,1326.024024024024,1476.4034960480951,-150.37947202407122,-11.34,878.52,64.92307692307692,True,31.478430224573536
Wonka Bar - Milk Chocolate,Pacific,Wicked Choccy's,The Other Factory,1326.024024024024,1482.437550752236,-156.41352672821176,-11.8,2696.28,64.92307692307692,True,18.90477135038409
Wonka Bar - Milk Chocolate,Pacific,Wicked Choccy's,Wicked Choccy's,1326.024024024024,1484.155624545406,-158.13160052138187,-11.93,3580.91,64.92307692307692,True,12.842
Wonka Bar - Milk Chocolate,Pacific,Wicked Choccy's,Secret Factory,1326.024024024024,1484.155624545406,-158.13160052138187,-11.93,2570.3,64.92307692307692,True,19.67906156744817
Wonka Bar - Milk Chocolate,Pacific,Wicked Choccy's,Sugar Shack,1326.024024024024,1552.5430917542365,-226.51906773021236,-17.08,2294.99,64.92307692307692,True,18.45161133455334
Wonka Bar - Nutty Crunch Surprise,Atlantic,Lot's O' Nuts,Sugar Shack,1360.426530612245,1450.7025844271454,-90.27605381490048,-6.64,1975.47,71.34670487106017,True,26.877254215616304
Wonka Bar - Nutty Crunch Surprise,Atlantic,Lot's O' Nuts,Wicked Choccy's,1360.426530612245,1474.595636384222,-114.169105771977,-8.39,946.14,71.34670487106017,True,32.790961860723144
Wonka Bar - Nutty Crunch Surprise,Atlantic,Lot's O' Nuts,Lot's O' Nuts,1360.426530612245,1481.0207498415589,-120.59421922931392,-8.86,3355.59,71.34670487106017,True,16.208353323613878
Wonka Bar - Nutty Crunch Surprise,Atlantic,Lot's O' Nuts,Secret Factory,1360.426530612245,1481.0207498415589,-120.59421922931392,-8.86,1347.26,71.34670487106017,True,29.79527197448136
Wonka Bar - Nutty Crunch Surprise,Atlantic,Lot's O' Nuts,The Other Factory,1360.426530612245,1498.5892384351337,-138.1627078228887,-10.16,1394.89,71.34670487106017,True,28.69304159633592
Wonka Bar - Nutty Crunch Surprise,Gulf,Lot's O' Nuts,Sugar Shack,1322.6148648648648,1464.510856349372,-141.89599148450725,-10.73,2136.73,71.34670487106017,True,23.332284852195503
Wonka Bar - Nutty Crunch Surprise,Gulf,Lot's O' Nuts,Wicked Choccy's,1322.6148648648648,1488.4039083064486,-165.78904344158377,-12.53,897.82,71.34670487106017,True,30.63386028339766
Wonka Bar - Nutty Crunch Surprise,Gulf,Lot's O' Nuts,Lot's O' Nuts,1322.6148648648648,1494.8290217637857,-172.2141568989207,-13.02,2100.53,71.34670487106017,True,22.203188057924343
Wonka Bar - Nutty Crunch Surprise,Gulf,Lot's O' Nuts,The Other Factory,1322.6148648648648,1524.4377527348722,-201.82288787000743,-15.26,624.64,71.34670487106017,True,30.844
Wonka Bar - Nutty Crunch Surprise,Gulf,Lot's O' Nuts,Secret Factory,1322.6148648648648,1542.691843240123,-220.07697837525825,-16.64,1329.35,71.34670487106017,True,25.2484381737798
Wonka Bar - Nutty Crunch Surprise,Interior,Lot's O' Nuts,Sugar Shack,1329.8473451327434,1439.0969402265805,-109.24959509383687,-8.22,1059.31,71.34670487106017,True,32.12733490513384
Wonka Bar - Nutty Crunch Surprise,Interior,Lot's O' Nuts,Secret Factory,1329.8473451327434,1457.3826677780423,-127.53532264529896,-9.59,845.39,71.34670487106017,True,32.75256401478891
Wonka Bar - Nutty Crunch Surprise,Interior,Lot's O' Nuts,Lot's O' Nuts,1329.8473451327434,1469.4151056409935,-139.56776050825033,-10.5,1257.41,71.34670487106017,True,29.41913255555142
Wonka Bar - Nutty Crunch Surprise,Interior,Lot's O' Nuts,Wicked Choccy's,1329.8473451327434,1475.8402190983306,-145.99287396558725,-10.98,1871.57,71.34670487106017,True,24.97616700774963
Wonka Bar - Nutty Crunch Surprise,Interior,Lot's O' Nuts,The Other Factory,1329.8473451327434,1487.0672058779512,-157.21986074520782,-11.82,988.32,71.34670487106017,True,30.44760226907556
Wonka Bar - Nutty Crunch Surprise,Pacific,Lot's O' Nuts,Lot's O' Nuts,1304.4458041958042,1476.4034960480951,-171.9576918522912,-13.18,878.52,71.34670487106017,True,30.374430224573537
Wonka Bar - Nutty Crunch Surprise,Pacific,Lot's O' Nuts,The Other Factory,1304.4458041958042,1482.437550752236,-177.99174655643174,-13.65,2696.28,71.34670487106017,True,17.794771350384096
Wonka Bar - Nutty Crunch Surprise,Pacific,Lot's O' Nuts,Wicked Choccy's,1304.4458041958042,1484.155624545406,-179.70982034960184,-13.78,3580.91,71.34670487106017,True,11.732
Wonka Bar - Nutty Crunch Surprise,Pacific,Lot's O' Nuts,Secret Factory,1304.4458041958042,1484.155624545406,-179.70982034960184,-13.78,2570.3,71.34670487106017,True,18.56906156744817
Wonka Bar - Nutty Crunch Surprise,Pacific,Lot's O' Nuts,Sugar Shack,1304.4458041958042,1552.5430917542365,-248.0972875584323,-19.02,2294.99,71.34670487106017,True,17.28761133455334
Wonka Bar - Triple Dazzle Caramel,Atlantic,Wicked Choccy's,Sugar Shack,1323.578853046595,1451.110043952971,-127.53119090637595,-9.64,1975.47,65.33333333333333,True,25.0772542156163
Wonka Bar - Triple Dazzle Caramel,Atlantic,Wicked Choccy's,Wicked Choccy's,1323.578853046595,1475.0030959100477,-151.4242428634525,-11.44,946.14,65.33333333333333,True,30.960961860723145
Wonka Bar - Triple Dazzle Caramel,Atlantic,Wicked Choccy's,Lot's O' Nuts,1323.578853046595,1481.4282093673844,-157.8493563207894,-11.93,3355.59,65.33333333333333,True,14.366353323613875
Wonka Bar - Triple Dazzle Caramel,Atlantic,Wicked Choccy's,Secret Factory,1323.578853046595,1481.4282093673844,-157.8493563207894,-11.93,1347.26,65.33333333333333,True,27.95327197448136
Wonka Bar - Triple Dazzle Caramel,Atlantic,Wicked Choccy's,The Other Factory,1323.578853046595,1498.9966979609592,-175.4178449143642,-13.25,1394.89,65.33333333333333,True,26.83904159633592
Wonka Bar - Triple Dazzle Caramel,Gulf,Wicked Choccy's,Sugar Shack,1328.669696969697,1464.9183158751975,-136.2486189055005,-10.25,2136.73,65.33333333333333,True,23.620284852195503
Wonka Bar - Triple Dazzle Caramel,Gulf,Wicked Choccy's,Wicked Choccy's,1328.669696969697,1488.811367832274,-160.14167086257703,-12.05,897.82,65.33333333333333,True,30.92186028339766
Wonka Bar - Triple Dazzle Caramel,Gulf,Wicked Choccy's,Lot's O' Nuts,1328.669696969697,1495.236481289611,-166.56678431991395,-12.54,2100.53,65.33333333333333,True,22.49118805792434
Wonka Bar - Triple Dazzle Caramel,Gulf,Wicked Choccy's,The Other Factory,1328.669696969697,1516.0009788949255,-187.3312819252285,-14.1,624.64,65.33333333333333,True,31.54
Wonka Bar - Triple Dazzle Caramel,Gulf,Wicked Choccy's,Secret Factory,1328.669696969697,1543.0993027659486,-214.4296057962515,-16.14,1329.35,65.33333333333333,True,25.5484381737798
Wonka Bar - Triple Dazzle Caramel,Interior,Wicked Choccy's,Sugar Shack,1316.3348115299334,1439.5043997524058,-123.16958822247238,-9.36,1059.31,65.33333333333333,True,31.443334905133835
Wonka Bar - Triple Dazzle Caramel,Interior,Wicked Choccy's,Secret Factory,1316.3348115299334,1457.7901273038678,-141.45531577393444,-10.75,845.39,65.33333333333333,True,32.056564014788904
Wonka Bar - Triple Dazzle Caramel,Interior,Wicked Choccy's,Lot's O' Nuts,1316.3348115299334,1469.8225651668192,-153.48775363688583,-11.66,1257.41,65.33333333333333,True,28.723132555551423
Wonka Bar - Triple Dazzle Caramel,Interior,Wicked Choccy's,Wicked Choccy's,1316.3348115299334,1476.2476786241562,-159.91286709422275,-12.15,1871.57,65.33333333333333,True,24.274167007749632
Wonka Bar - Triple Dazzle Caramel,Interior,Wicked Choccy's,The Other Factory,1316.3348115299334,1487.4746654037767,-171.13985387384332,-13.0,988.32,65.33333333333333,True,29.73960226907556
Wonka Bar - Triple Dazzle Caramel,Pacific,Wicked Choccy's,Lot's O' Nuts,1332.1331360946745,1477.7873464470315,-145.65421035235727,-10.93,878.52,65.33333333333333,True,31.72443022457353
Wonka Bar - Triple Dazzle Caramel,Pacific,Wicked Choccy's,The Other Factory,1332.1331360946745,1483.8214011511725,-151.6882650564978,-11.39,2696.28,65.33333333333333,True,19.150771350384098
Wonka Bar - Triple Dazzle Caramel,Pacific,Wicked Choccy's,Wicked Choccy's,1332.1331360946745,1485.5394749443424,-153.40633884966792,-11.52,3580.91,65.33333333333333,True,13.088
Wonka Bar - Triple Dazzle Caramel,Pacific,Wicked Choccy's,Secret Factory,1332.1331360946745,1485.5394749443424,-153.40633884966792,-11.52,2570.3,65.33333333333333,True,19.925061567448168
Wonka Bar - Triple Dazzle Caramel,Pacific,Wicked Choccy's,Sugar Shack,1332.1331360946745,1553.9269421531728,-221.7938060584984,-16.65,2294.99,65.33333333333333,True,18.70961133455334
Wonka Bar -Scrumdiddlyumptious,Atlantic,Lot's O' Nuts,Sugar Shack,1305.370786516854,1449.7157044302744,-144.34491791342043,-11.06,1975.47,69.44444444444444,True,24.225254215616303
Wonka Bar -Scrumdiddlyumptious,Atlantic,Lot's O' Nuts,Wicked Choccy's,1305.370786516854,1473.608756387351,-168.23796987049695,-12.89,946.14,69.44444444444444,True,30.09096186072314
Wonka Bar -Scrumdiddlyumptious,Atlantic,Lot's O' Nuts,Lot's O' Nuts,1305.370786516854,1480.0338698446878,-174.66308332783387,-13.38,3355.59,69.44444444444444,True,13.496353323613876
Wonka Bar -Scrumdiddlyumptious,Atlantic,Lot's O' Nuts,Secret Factory,1305.370786516854,1480.0338698446878,-174.66308332783387,-13.38,1347.26,69.44444444444444,True,27.08327197448136
Wonka Bar -Scrumdiddlyumptious,Atlantic,Lot's O' Nuts,The Other Factory,1305.370786516854,1497.6023584382626,-192.23157192140863,-14.73,1394.89,69.44444444444444,True,25.95104159633592
Wonka Bar -Scrumdiddlyumptious,Gulf,Lot's O' Nuts,Sugar Shack,1314.5451612903223,1463.523976352501,-148.97881506217846,-11.33,2136.73,69.44444444444444,True,22.9722848521955
Wonka Bar -Scrumdiddlyumptious,Gulf,Lot's O' Nuts,Wicked Choccy's,1314.5451612903223,1487.4170283095775,-172.87186701925498,-13.15,897.82,69.44444444444444,True,30.26186028339766
Wonka Bar -Scrumdiddlyumptious,Gulf,Lot's O' Nuts,Lot's O' Nuts,1314.5451612903223,1493.8421417669144,-179.2969804765919,-13.64,2100.53,69.44444444444444,True,21.831188057924344
Wonka Bar -Scrumdiddlyumptious,Gulf,Lot's O' Nuts,The Other Factory,1314.5451612903223,1526.4026001767218,-211.8574388863992,-16.12,624.64,69.44444444444444,True,30.328
Wonka Bar -Scrumdiddlyumptious,Gulf,Lot's O' Nuts,Secret Factory,1314.5451612903223,1541.704963243252,-227.15980195292943,-17.28,1329.35,69.44444444444444,True,24.8644381737798
Wonka Bar -Scrumdiddlyumptious,Interior,Lot's O' Nuts,Sugar Shack,1329.9084967320262,1438.1100602297092,-108.20156349768308,-8.14,1059.31,69.44444444444444,True,32.17533490513384
Wonka Bar -Scrumdiddlyumptious,Interior,Lot's O' Nuts,Secret Factory,1329.9084967320262,1459.347515219892,-129.43901848786572,-9.73,845.39,69.44444444444444,True,32.668564014788906
Wonka Bar -Scrumdiddlyumptious,Interior,Lot's O' Nuts,Lot's O' Nuts,1329.9084967320262,1468.428225644123,-138.51972891209653,-10.42,1257.41,69.44444444444444,True,29.467132555551423
Wonka Bar -Scrumdiddlyumptious,Interior,Lot's O' Nuts,Wicked Choccy's,1329.9084967320262,1474.8533391014596,-144.94484236943345,-10.9,1871.57,69.44444444444444,True,25.024167007749632
Wonka Bar -Scrumdiddlyumptious,Interior,Lot's O' Nuts,The Other Factory,1329.9084967320262,1486.0803258810802,-156.17182914905402,-11.74,988.32,69.44444444444444,True,30.49560226907556
Wonka Bar -Scrumdiddlyumptious,Pacific,Lot's O' Nuts,Lot's O' Nuts,1331.282738095238,1480.1000183840642,-148.81728028882617,-11.18,878.52,69.44444444444446,True,31.574430224573536
Wonka Bar -Scrumdiddlyumptious,Pacific,Lot's O' Nuts,The Other Factory,1331.282738095238,1483.1823456494842,-151.89960755424613,-11.41,2696.28,69.44444444444446,True,19.138771350384097
Wonka Bar -Scrumdiddlyumptious,Pacific,Lot's O' Nuts,Wicked Choccy's,1331.282738095238,1484.9004194426543,-153.61768134741624,-11.54,3580.91,69.44444444444446,True,13.076
Wonka Bar -Scrumdiddlyumptious,Pacific,Lot's O' Nuts,Secret Factory,1331.282738095238,1484.9004194426543,-153.61768134741624,-11.54,2570.3,69.44444444444446,True,19.913061567448167
Wonka Bar -Scrumdiddlyumptious,Pacific,Lot's O' Nuts,Sugar Shack,1331.282738095238,1553.2878866514848,-222.0051485562467,-16.68,2294.99,69.44444444444446,True,18.69161133455334
Wonka Gum,Atlantic,Secret Factory,Sugar Shack,1312.7567567567569,1441.1765605994258,-128.41980384266913,-9.78,1975.47,52.0,True,24.993254215616304
Wonka Gum,Atlantic,Secret Factory,Wicked Choccy's,1312.7567567567569,1465.0696125565023,-152.31285579974565,-11.6,946.14,52.0,True,30.86496186072314
Wonka Gum,Atlantic,Secret Factory,Lot's O' Nuts,1312.7567567567569,1471.4947260138392,-158.73796925708257,-12.09,3355.59,52.0,True,14.270353323613875
Wonka Gum,Atlantic,Secret Factory,Secret Factory,1312.7567567567569,1471.4947260138392,-158.73796925708257,-12.09,1347.26,52.0,True,27.85727197448136
Wonka Gum,Atlantic,Secret Factory,The Other Factory,1312.7567567567569,1490.8643848241504,-178.10762806739376,-13.57,1394.89,52.0,True,26.64704159633592
