Product Name,Region,Current Factory,Scenario Factory,Orders,Current Avg Lead Time,Sales,Gross Profit,Profit Margin %,Distance km,Predicted Lead Time,Lead Time Improvement,Lead Time Reduction %,Scenario Profit Margin %,Profit Impact,Profit Impact Stable,Profit Stability Score,Distance Score,Recommendation Score
Lickable Wallpaper,Atlantic,Secret Factory,Lot's O' Nuts,34,1387.8285714285714,2780.0,1390.0,50.0,3355.59,1490.7426716190923,-102.91410019052091,-7.42,50.0,0.0,True,1,0.07621766618069381,17.072353323613875
Lickable Wallpaper,Atlantic,Secret Factory,Wicked Choccy's,34,1387.8285714285714,2780.0,1390.0,50.0,946.14,1498.177226767998,-110.34865533942661,-7.95,50.0,0.0,True,1,0.891248093036157,33.05496186072314
Lickable Wallpaper,Atlantic,Secret Factory,Sugar Shack,34,1387.8285714285714,2780.0,1390.0,50.0,1975.47,1463.1770915497475,-75.34852012117608,-5.43,50.0,0.0,True,1,0.543062710780815,27.603254215616303
Lickable Wallpaper,Atlantic,Secret Factory,Secret Factory,34,1387.8285714285714,2780.0,1390.0,50.0,1347.26,1504.6023402253347,-116.7737687967633,-8.41,50.0,0.0,True,1,0.7555635987240679,30.06527197448136
Lickable Wallpaper,Atlantic,Secret Factory,The Other Factory,34,1387.8285714285714,2780.0,1390.0,50.0,1394.89,1522.1708288189097,-134.34225739033832,-9.68,50.0,0.0,True,1,0.7394520798167961,28.98104159633592
Wonka Bar - Nutty Crunch Surprise,Atlantic,Lot's O' Nuts,Lot's O' Nuts,410,1360.426530612245,6480.93,4623.93,71.34670487106017,3355.59,1481.0207498415589,-120.59421922931392,-8.86,71.34670487106017,0.0,True,1,0.07621766618069381,16.208353323613878
Wonka Bar - Nutty Crunch Surprise,Atlantic,Lot's O' Nuts,Wicked Choccy's,410,1360.426530612245,6480.93,4623.93,71.34670487106017,946.14,1474.595636384222,-114.169105771977,-8.39,71.34670487106017,0.0,True,1,0.891248093036157,32.790961860723144
Wonka Bar - Nutty Crunch Surprise,Atlantic,Lot's O' Nuts,Sugar Shack,410,1360.426530612245,6480.93,4623.93,71.34670487106017,1975.47,1450.7025844271454,-90.27605381490048,-6.64,71.34670487106017,0.0,True,1,0.543062710780815,26.877254215616304
Wonka Bar - Nutty Crunch Surprise,Atlantic,Lot's O' Nuts,Secret Factory,410,1360.426530612245,6480.93,4623.93,71.34670487106017,1347.26,1481.0207498415589,-120.59421922931392,-8.86,71.34670487106017,0.0,True,1,0.7555635987240679,29.79527197448136
Wonka Bar - Nutty Crunch Surprise,Atlantic,Lot's O' Nuts,The Other Factory,410,1360.426530612245,6480.93,4623.93,71.34670487106017,1394.89,1498.5892384351337,-138.1627078228887,-10.16,71.34670487106017,0.0,True,1,0.7394520798167961,28.69304159633592
Wonka Bar - Triple Dazzle Caramel,Pacific,Wicked Choccy's,Lot's O' Nuts,571,1332.1331360946745,9731.25,6357.75,65.33333333333333,878.52,1477.7873464470317,-145.65421035235727,-10.93,65.33333333333333,0.0,True,1,0.9141215112286767,31.724430224573535
Wonka Bar - Triple Dazzle Caramel,Pacific,Wicked Choccy's,Wicked Choccy's,571,1332.1331360946745,9731.25,6357.75,65.33333333333333,3580.91,1485.5394749443424,-153.40633884966792,-11.52,65.33333333333333,0.0,True,1,0.0,13.088000000000001
Wonka Bar - Triple Dazzle Caramel,Pacific,Wicked Choccy's,Sugar Shack,571,1332.1331360946745,9731.25,6357.75,65.33333333333333,2294.99,1553.9269421531728,-221.79380605849838,-16.65,65.33333333333333,0.0,True,1,0.43498056672766694,18.70961133455334
Wonka Bar - Triple Dazzle Caramel,Pacific,Wicked Choccy's,Secret Factory,571,1332.1331360946745,9731.25,6357.75,65.33333333333333,2570.3,1485.5394749443424,-153.40633884966792,-11.52,65.33333333333333,0.0,True,1,0.3418530783724084,19.925061567448168
Wonka Bar - Triple Dazzle Caramel,Pacific,Wicked Choccy's,The Other Factory,571,1332.1331360946745,9731.25,6357.75,65.33333333333333,2696.28,1483.8214011511723,-151.6882650564978,-11.39,65.33333333333333,0.0,True,1,0.29923856751920486,19.150771350384098
Wonka Bar - Milk Chocolate,Interior,Wicked Choccy's,Lot's O' Nuts,425,1331.9779559118238,6074.25,3943.59,64.92307692307693,1257.41,1469.4151056409937,-137.43714972916996,-10.32,64.92307692307693,0.0,True,1,0.785956627777571,29.527132555551418
Wonka Bar - Milk Chocolate,Interior,Wicked Choccy's,Wicked Choccy's,425,1331.9779559118238,6074.25,3943.59,64.92307692307693,1871.57,1475.8402190983306,-143.86226318650688,-10.8,64.92307692307693,0.0,True,1,0.5782083503874815,25.08416700774963
Wonka Bar - Milk Chocolate,Interior,Wicked Choccy's,Sugar Shack,425,1331.9779559118238,6074.25,3943.59,64.92307692307693,1059.31,1439.0969402265803,-107.11898431475652,-8.04,64.92307692307693,0.0,True,1,0.8529667452566917,32.23533490513384
Wonka Bar - Milk Chocolate,Interior,Wicked Choccy's,Secret Factory,425,1331.9779559118238,6074.25,3943.59,64.92307692307693,845.39,1457.3826677780423,-125.40471186621858,-9.41,64.92307692307693,0.0,True,1,0.9253282007394453,32.860564014788906
Wonka Bar - Milk Chocolate,Interior,Wicked Choccy's,The Other Factory,425,1331.9779559118238,6074.25,3943.59,64.92307692307693,988.32,1487.0672058779512,-155.08924996612745,-11.64,64.92307692307693,0.0,True,1,0.8769801134537779,30.555602269075557
Wonka Bar -Scrumdiddlyumptious,Pacific,Lot's O' Nuts,Lot's O' Nuts,560,1331.282738095238,8884.8,6170.0,69.44444444444446,878.52,1480.1000183840642,-148.81728028882617,-11.18,69.44444444444446,0.0,True,1,0.9141215112286767,31.574430224573536
Wonka Bar -Scrumdiddlyumptious,Pacific,Lot's O' Nuts,Wicked Choccy's,560,1331.282738095238,8884.8,6170.0,69.44444444444446,3580.91,1484.9004194426543,-153.61768134741624,-11.54,69.44444444444446,0.0,True,1,0.0,13.076
Wonka Bar -Scrumdiddlyumptious,Pacific,Lot's O' Nuts,Sugar Shack,560,1331.282738095238,8884.8,6170.0,69.44444444444446,2294.99,1553.2878866514848,-222.0051485562467,-16.68,69.44444444444446,0.0,True,1,0.43498056672766694,18.69161133455334
Wonka Bar -Scrumdiddlyumptious,Pacific,Lot's O' Nuts,Secret Factory,560,1331.282738095238,8884.8,6170.0,69.44444444444446,2570.3,1484.9004194426543,-153.61768134741624,-11.54,69.44444444444446,0.0,True,1,0.3418530783724084,19.913061567448167
Wonka Bar -Scrumdiddlyumptious,Pacific,Lot's O' Nuts,The Other Factory,560,1331.282738095238,8884.8,6170.0,69.44444444444446,2696.28,1483.1823456494842,-151.89960755424613,-11.41,69.44444444444446,0.0,True,1,0.29923856751920486,19.138771350384097
Wonka Bar -Scrumdiddlyumptious,Interior,Lot's O' Nuts,Lot's O' Nuts,380,1329.9084967320262,6202.8,4307.5,69.44444444444444,1257.41,1468.4282256441227,-138.51972891209653,-10.42,69.44444444444444,0.0,True,1,0.785956627777571,29.467132555551423
Wonka Bar -Scrumdiddlyumptious,Interior,Lot's O' Nuts,Wicked Choccy's,380,1329.9084967320262,6202.8,4307.5,69.44444444444444,1871.57,1474.8533391014596,-144.94484236943345,-10.9,69.44444444444444,0.0,True,1,0.5782083503874815,25.024167007749632
Wonka Bar -Scrumdiddlyumptious,Interior,Lot's O' Nuts,Sugar Shack,380,1329.9084967320262,6202.8,4307.5,69.44444444444444,1059.31,1438.1100602297092,-108.20156349768308,-8.14,69.44444444444444,0.0,True,1,0.8529667452566917,32.17533490513384
Wonka Bar -Scrumdiddlyumptious,Interior,Lot's O' Nuts,Secret Factory,380,1329.9084967320262,6202.8,4307.5,69.44444444444444,845.39,1459.3475152198919,-129.43901848786572,-9.73,69.44444444444444,0.0,True,1,0.9253282007394453,32.668564014788906
Wonka Bar -Scrumdiddlyumptious,Interior,Lot's O' Nuts,The Other Factory,380,1329.9084967320262,6202.8,4307.5,69.44444444444444,988.32,1486.0803258810802,-156.17182914905402,-11.74,69.44444444444444,0.0,True,1,0.8769801134537779,30.495602269075558
Wonka Bar - Nutty Crunch Surprise,Interior,Lot's O' Nuts,Lot's O' Nuts,385,1329.8473451327434,5912.06,4218.06,71.34670487106017,1257.41,1469.4151056409937,-139.56776050825033,-10.5,71.34670487106017,0.0,True,1,0.785956627777571,29.41913255555142
Wonka Bar - Nutty Crunch Surprise,Interior,Lot's O' Nuts,Wicked Choccy's,385,1329.8473451327434,5912.06,4218.06,71.34670487106017,1871.57,1475.8402190983306,-145.99287396558725,-10.98,71.34670487106017,0.0,True,1,0.5782083503874815,24.97616700774963
Wonka Bar - Nutty Crunch Surprise,Interior,Lot's O' Nuts,Sugar Shack,385,1329.8473451327434,5912.06,4218.06,71.34670487106017,1059.31,1439.0969402265803,-109.24959509383689,-8.22,71.34670487106017,0.0,True,1,0.8529667452566917,32.127334905133836
Wonka Bar - Nutty Crunch Surprise,Interior,Lot's O' Nuts,Secret Factory,385,1329.8473451327434,5912.06,4218.06,71.34670487106017,845.39,1457.3826677780423,-127.53532264529895,-9.59,71.34670487106017,0.0,True,1,0.9253282007394453,32.75256401478891
Wonka Bar - Nutty Crunch Surprise,Interior,Lot's O' Nuts,The Other Factory,385,1329.8473451327434,5912.06,4218.06,71.34670487106017,988.32,1487.0672058779512,-157.21986074520782,-11.82,71.34670487106017,0.0,True,1,0.8769801134537779,30.44760226907556
Wonka Bar - Triple Dazzle Caramel,Gulf,Wicked Choccy's,Lot's O' Nuts,266,1328.669696969697,4586.25,2996.35,65.33333333333333,2100.53,1495.236481289611,-166.56678431991395,-12.54,65.33333333333333,0.0,True,1,0.500759402896217,22.49118805792434
Wonka Bar - Triple Dazzle Caramel,Gulf,Wicked Choccy's,Wicked Choccy's,266,1328.669696969697,4586.25,2996.35,65.33333333333333,897.82,1488.811367832274,-160.14167086257703,-12.05,65.33333333333333,0.0,True,1,0.9075930141698829,30.92186028339766
Wonka Bar - Triple Dazzle Caramel,Gulf,Wicked Choccy's,Sugar Shack,266,1328.669696969697,4586.25,2996.35,65.33333333333333,2136.73,1464.9183158751975,-136.2486189055005,-10.25,65.33333333333333,0.0,True,1,0.48851424260977505,23.620284852195503
Wonka Bar - Triple Dazzle Caramel,Gulf,Wicked Choccy's,Secret Factory,266,1328.669696969697,4586.25,2996.35,65.33333333333333,1329.35,1543.0993027659486,-214.4296057962515,-16.14,65.33333333333333,0.0,True,1,0.7616219086889899,25.5484381737798
Wonka Bar - Triple Dazzle Caramel,Gulf,Wicked Choccy's,The Other Factory,266,1328.669696969697,4586.25,2996.35,65.33333333333333,624.64,1516.0009788949255,-187.3312819252285,-14.1,65.33333333333333,0.0,True,1,1.0,31.54
Wonka Bar - Milk Chocolate,Pacific,Wicked Choccy's,Lot's O' Nuts,552,1326.0240240240241,8794.5,5709.66,64.92307692307692,878.52,1476.4034960480953,-150.37947202407122,-11.34,64.92307692307692,0.0,True,1,0.9141215112286767,31.478430224573536
Wonka Bar - Milk Chocolate,Pacific,Wicked Choccy's,Wicked Choccy's,552,1326.0240240240241,8794.5,5709.66,64.92307692307692,3580.91,1484.155624545406,-158.13160052138187,-11.93,64.92307692307692,0.0,True,1,0.0,12.842
Wonka Bar - Milk Chocolate,Pacific,Wicked Choccy's,Sugar Shack,552,1326.0240240240241,8794.5,5709.66,64.92307692307692,2294.99,1552.5430917542365,-226.51906773021233,-17.08,64.92307692307692,0.0,True,1,0.43498056672766694,18.45161133455334
Wonka Bar - Milk Chocolate,Pacific,Wicked Choccy's,Secret Factory,552,1326.0240240240241,8794.5,5709.66,64.92307692307692,2570.3,1484.155624545406,-158.13160052138187,-11.93,64.92307692307692,0.0,True,1,0.3418530783724084,19.67906156744817
Wonka Bar - Milk Chocolate,Pacific,Wicked Choccy's,The Other Factory,552,1326.0240240240241,8794.5,5709.66,64.92307692307692,2696.28,1482.437550752236,-156.41352672821176,-11.8,64.92307692307692,0.0,True,1,0.29923856751920486,18.904771350384095
Wonka Bar - Triple Dazzle Caramel,Atlantic,Wicked Choccy's,Lot's O' Nuts,463,1323.578853046595,7822.5,5110.7,65.33333333333333,3355.59,1481.4282093673844,-157.8493563207894,-11.93,65.33333333333333,0.0,True,1,0.07621766618069381,14.366353323613877
Wonka Bar - Triple Dazzle Caramel,Atlantic,Wicked Choccy's,Wicked Choccy's,463,1323.578853046595,7822.5,5110.7,65.33333333333333,946.14,1475.0030959100475,-151.4242428634525,-11.44,65.33333333333333,0.0,True,1,0.891248093036157,30.960961860723142
Wonka Bar - Triple Dazzle Caramel,Atlantic,Wicked Choccy's,Sugar Shack,463,1323.578853046595,7822.5,5110.7,65.33333333333333,1975.47,1451.110043952971,-127.53119090637597,-9.64,65.33333333333333,0.0,True,1,0.543062710780815,25.0772542156163
Wonka Bar - Triple Dazzle Caramel,Atlantic,Wicked Choccy's,Secret Factory,463,1323.578853046595,7822.5,5110.7,65.33333333333333,1347.26,1481.4282093673844,-157.8493563207894,-11.93,65.33333333333333,0.0,True,1,0.7555635987240679,27.95327197448136
Wonka Bar - Triple Dazzle Caramel,Atlantic,Wicked Choccy's,The Other Factory,463,1323.578853046595,7822.5,5110.7,65.33333333333333,1394.89,1498.9966979609592,-175.4178449143642,-13.25,65.33333333333333,0.0,True,1,0.7394520798167961,26.83904159633592
Wonka Bar - Nutty Crunch Surprise,Gulf,Lot's O' Nuts,Lot's O' Nuts,251,1322.6148648648648,3797.1200000000003,2709.12,71.34670487106017,2100.53,1494.8290217637855,-172.2141568989207,-13.02,71.34670487106017,0.0,True,1,0.500759402896217,22.203188057924343
Wonka Bar - Nutty Crunch Surprise,Gulf,Lot's O' Nuts,Wicked Choccy's,251,1322.6148648648648,3797.1200000000003,2709.12,71.34670487106017,897.82,1488.4039083064486,-165.78904344158377,-12.53,71.34670487106017,0.0,True,1,0.9075930141698829,30.63386028339766
Wonka Bar - Nutty Crunch Surprise,Gulf,Lot's O' Nuts,Sugar Shack,251,1322.6148648648648,3797.1200000000003,2709.12,71.34670487106017,2136.73,1464.510856349372,-141.89599148450725,-10.73,71.34670487106017,0.0,True,1,0.48851424260977505,23.332284852195503
Wonka Bar - Nutty Crunch Surprise,Gulf,Lot's O' Nuts,Secret Factory,251,1322.6148648648648,3797.1200000000003,2709.12,71.34670487106017,1329.35,1542.691843240123,-220.07697837525825,-16.64,71.34670487106017,0.0,True,1,0.7616219086889899,25.248438173779796
Wonka Bar - Nutty Crunch Surprise,Gulf,Lot's O' Nuts,The Other Factory,251,1322.6148648648648,3797.1200000000003,2709.12,71.34670487106017,624.64,1524.4377527348722,-201.82288787000743,-15.26,71.34670487106017,0.0,True,1,1.0,30.844
Wonka Bar - Fudge Mallows,Atlantic,Lot's O' Nuts,Lot's O' Nuts,455,1321.1715328467153,7228.8,4819.2,66.66666666666666,3355.59,1480.208309837888,-159.0367769911727,-12.04,66.66666666666666,0.0,True,1,0.07621766618069381,14.300353323613876
Wonka Bar - Fudge Mallows,Atlantic,Lot's O' Nuts,Wicked Choccy's,455,1321.1715328467153,7228.8,4819.2,66.66666666666666,946.14,1473.783196380551,-152.61166353383578,-11.55,66.66666666666666,0.0,True,1,0.891248093036157,30.894961860723143
Wonka Bar - Fudge Mallows,Atlantic,Lot's O' Nuts,Sugar Shack,455,1321.1715328467153,7228.8,4819.2,66.66666666666666,1975.47,1449.8901444234746,-128.71861157675926,-9.74,66.66666666666666,0.0,True,1,0.543062710780815,25.017254215616298
Wonka Bar - Fudge Mallows,Atlantic,Lot's O' Nuts,Secret Factory,455,1321.1715328467153,7228.8,4819.2,66.66666666666666,1347.26,1480.208309837888,-159.0367769911727,-12.04,66.66666666666666,0.0,True,1,0.7555635987240679,27.887271974481358
Wonka Bar - Fudge Mallows,Atlantic,Lot's O' Nuts,The Other Factory,455,1321.1715328467153,7228.8,4819.2,66.66666666666666,1394.89,1497.9174117276775,-176.7458788809622,-13.38,66.66666666666666,0.0,True,1,0.7394520798167961,26.76104159633592
Wonka Bar - Triple Dazzle Caramel,Interior,Wicked Choccy's,Lot's O' Nuts,377,1316.3348115299334,6345.0,4145.4,65.33333333333333,1257.41,1469.8225651668192,-153.48775363688583,-11.66,65.33333333333333,0.0,True,1,0.785956627777571,28.723132555551423
Wonka Bar - Triple Dazzle Caramel,Interior,Wicked Choccy's,Wicked Choccy's,377,1316.3348115299334,6345.0,4145.4,65.33333333333333,1871.57,1476.2476786241562,-159.91286709422275,-12.15,65.33333333333333,0.0,True,1,0.5782083503874815,24.274167007749632
Wonka Bar - Triple Dazzle Caramel,Interior,Wicked Choccy's,Sugar Shack,377,1316.3348115299334,6345.0,4145.4,65.33333333333333,1059.31,1439.5043997524058,-123.16958822247238,-9.36,65.33333333333333,0.0,True,1,0.8529667452566917,31.443334905133835
Wonka Bar - Triple Dazzle Caramel,Interior,Wicked Choccy's,Secret Factory,377,1316.3348115299334,6345.0,4145.4,65.33333333333333,845.39,1457.7901273038678,-141.45531577393444,-10.75,65.33333333333333,0.0,True,1,0.9253282007394453,32.056564014788904
Wonka Bar - Triple Dazzle Caramel,Interior,Wicked Choccy's,The Other Factory,377,1316.3348115299334,6345.0,4145.4,65.33333333333333,988.32,1487.4746654037767,-171.13985387384332,-13.0,65.33333333333333,0.0,True,1,0.8769801134537779,29.739602269075558
Wonka Bar -Scrumdiddlyumptious,Gulf,Lot's O' Nuts,Lot's O' Nuts,251,1314.5451612903225,4330.8,3007.5,69.44444444444444,2100.53,1493.8421417669144,-179.2969804765919,-13.64,69.44444444444444,0.0,True,1,0.500759402896217,21.831188057924344
Wonka Bar -Scrumdiddlyumptious,Gulf,Lot's O' Nuts,Wicked Choccy's,251,1314.5451612903225,4330.8,3007.5,69.44444444444444,897.82,1487.4170283095775,-172.87186701925498,-13.15,69.44444444444444,0.0,True,1,0.9075930141698829,30.26186028339766
Wonka Bar -Scrumdiddlyumptious,Gulf,Lot's O' Nuts,Sugar Shack,251,1314.5451612903225,4330.8,3007.5,69.44444444444444,2136.73,1463.523976352501,-148.97881506217846,-11.33,69.44444444444444,0.0,True,1,0.48851424260977505,22.9722848521955
Wonka Bar -Scrumdiddlyumptious,Gulf,Lot's O' Nuts,Secret Factory,251,1314.5451612903225,4330.8,3007.5,69.44444444444444,1329.35,1541.704963243252,-227.15980195292946,-17.28,69.44444444444444,0.0,True,1,0.7616219086889899,24.864438173779796
Wonka Bar -Scrumdiddlyumptious,Gulf,Lot's O' Nuts,The Other Factory,251,1314.5451612903225,4330.8,3007.5,69.44444444444444,624.64,1526.4026001767218,-211.85743888639922,-16.12,69.44444444444444,0.0,True,1,1.0,30.328
Wonka Bar - Fudge Mallows,Pacific,Lot's O' Nuts,Lot's O' Nuts,481,1314.4340949033392,8024.400000000001,5349.6,66.66666666666666,878.52,1476.177815383818,-161.74372048047871,-12.31,66.66666666666666,0.0,True,1,0.9141215112286767,30.896430224573535
Wonka Bar - Fudge Mallows,Pacific,Lot's O' Nuts,Wicked Choccy's,481,1314.4340949033392,8024.400000000001,5349.6,66.66666666666666,3580.91,1483.3431845417351,-168.90908963839593,-12.85,66.66666666666666,0.0,True,1,0.0,12.290000000000001
Wonka Bar - Fudge Mallows,Pacific,Lot's O' Nuts,Sugar Shack,481,1314.4340949033392,8024.400000000001,5349.6,66.66666666666666,2294.99,1551.7306517505656,-237.29655684722638,-18.05,66.66666666666666,0.0,True,1,0.43498056672766694,17.86961133455334
Wonka Bar - Fudge Mallows,Pacific,Lot's O' Nuts,Secret Factory,481,1314.4340949033392,8024.400000000001,5349.6,66.66666666666666,2570.3,1483.3431845417351,-168.90908963839593,-12.85,66.66666666666666,0.0,True,1,0.3418530783724084,19.12706156744817
Wonka Bar - Fudge Mallows,Pacific,Lot's O' Nuts,The Other Factory,481,1314.4340949033392,8024.400000000001,5349.6,66.66666666666666,2696.28,1481.7657240447797,-167.33162914144054,-12.73,66.66666666666666,0.0,True,1,0.29923856751920486,18.346771350384095
Wonka Gum,Atlantic,Secret Factory,Lot's O' Nuts,36,1312.7567567567567,211.25,109.85,52.0,3355.59,1471.4947260138392,-158.73796925708257,-12.09,52.0,0.0,True,1,0.07621766618069381,14.270353323613877
Wonka Gum,Atlantic,Secret Factory,Wicked Choccy's,36,1312.7567567567567,211.25,109.85,52.0,946.14,1465.0696125565023,-152.31285579974565,-11.6,52.0,0.0,True,1,0.891248093036157,30.86496186072314
Wonka Gum,Atlantic,Secret Factory,Sugar Shack,36,1312.7567567567567,211.25,109.85,52.0,1975.47,1441.1765605994258,-128.41980384266913,-9.78,52.0,0.0,True,1,0.543062710780815,24.993254215616304
Wonka Gum,Atlantic,Secret Factory,Secret Factory,36,1312.7567567567567,211.25,109.85,52.0,1347.26,1471.4947260138392,-158.73796925708257,-12.09,52.0,0.0,True,1,0.7555635987240679,27.857271974481357
Wonka Gum,Atlantic,Secret Factory,The Other Factory,36,1312.7567567567567,211.25,109.85,52.0,1394.89,1490.8643848241504,-178.10762806739376,-13.57,52.0,0.0,True,1,0.7394520798167961,26.64704159633592
Wonka Bar - Fudge Mallows,Interior,Lot's O' Nuts,Lot's O' Nuts,348,1311.570731707317,5742.0,3828.0,66.66666666666666,1257.41,1469.1253236943717,-157.55459198705466,-12.01,66.66666666666666,0.0,True,1,0.785956627777571,28.513132555551422
Wonka Bar - Fudge Mallows,Interior,Lot's O' Nuts,Wicked Choccy's,348,1311.570731707317,5742.0,3828.0,66.66666666666666,1871.57,1475.5504371517086,-163.97970544439158,-12.5,66.66666666666666,0.0,True,1,0.5782083503874815,24.06416700774963
Wonka Bar - Fudge Mallows,Interior,Lot's O' Nuts,Sugar Shack,348,1311.570731707317,5742.0,3828.0,66.66666666666666,1059.31,1438.8071582799582,-127.23642657264122,-9.7,66.66666666666666,0.0,True,1,0.8529667452566917,31.239334905133834
Wonka Bar - Fudge Mallows,Interior,Lot's O' Nuts,Secret Factory,348,1311.570731707317,5742.0,3828.0,66.66666666666666,845.39,1457.6796451708137,-146.10891346349672,-11.14,66.66666666666666,0.0,True,1,0.9253282007394453,31.822564014788906
Wonka Bar - Fudge Mallows,Interior,Lot's O' Nuts,The Other Factory,348,1311.570731707317,5742.0,3828.0,66.66666666666666,988.32,1486.918037227544,-175.34730552022688,-13.37,66.66666666666666,0.0,True,1,0.8769801134537779,29.51760226907556
Wonka Bar - Milk Chocolate,Atlantic,Wicked Choccy's,Lot's O' Nuts,510,1309.320813771518,7592.0,4928.96,64.92307692307693,3355.59,1481.0207498415589,-171.69993607004085,-13.11,64.92307692307693,0.0,True,1,0.07621766618069381,13.658353323613877
Wonka Bar - Milk Chocolate,Atlantic,Wicked Choccy's,Wicked Choccy's,510,1309.320813771518,7592.0,4928.96,64.92307692307693,946.14,1474.595636384222,-165.27482261270393,-12.62,64.92307692307693,0.0,True,1,0.891248093036157,30.252961860723143
Wonka Bar - Milk Chocolate,Atlantic,Wicked Choccy's,Sugar Shack,510,1309.320813771518,7592.0,4928.96,64.92307692307693,1975.47,1450.7025844271454,-141.3817706556274,-10.8,64.92307692307693,0.0,True,1,0.543062710780815,24.381254215616302
Wonka Bar - Milk Chocolate,Atlantic,Wicked Choccy's,Secret Factory,510,1309.320813771518,7592.0,4928.96,64.92307692307693,1347.26,1481.0207498415589,-171.69993607004085,-13.11,64.92307692307693,0.0,True,1,0.7555635987240679,27.24527197448136
Wonka Bar - Milk Chocolate,Atlantic,Wicked Choccy's,The Other Factory,510,1309.320813771518,7592.0,4928.96,64.92307692307693,1394.89,1498.5892384351337,-189.26842466361563,-14.46,64.92307692307693,0.0,True,1,0.7394520798167961,26.11304159633592
Lickable Wallpaper,Pacific,Secret Factory,Lot's O' Nuts,34,1305.5294117647059,2920.0,1460.0,50.0,878.52,1491.3842382070784,-185.85482644237254,-14.24,50.0,0.0,True,1,0.9141215112286767,29.738430224573534
Lickable Wallpaper,Pacific,Secret Factory,Wicked Choccy's,34,1305.5294117647059,2920.0,1460.0,50.0,3580.91,1485.2766980981464,-179.74728633344057,-13.77,50.0,0.0,True,1,0.0,11.738000000000001
Lickable Wallpaper,Pacific,Secret Factory,Sugar Shack,34,1305.5294117647059,2920.0,1460.0,50.0,2294.99,1556.4167506520453,-250.8873388873394,-19.22,50.0,0.0,True,1,0.43498056672766694,17.167611334553342
Lickable Wallpaper,Pacific,Secret Factory,Secret Factory,34,1305.5294117647059,2920.0,1460.0,50.0,2570.3,1485.2766980981464,-179.74728633344057,-13.77,50.0,0.0,True,1,0.3418530783724084,18.57506156744817
Lickable Wallpaper,Pacific,Secret Factory,The Other Factory,34,1305.5294117647059,2920.0,1460.0,50.0,2696.28,1483.558624304976,-178.02921254027024,-13.64,50.0,0.0,True,1,0.29923856751920486,17.800771350384096
Wonka Bar -Scrumdiddlyumptious,Atlantic,Lot's O' Nuts,Lot's O' Nuts,513,1305.370786516854,8456.4,5872.5,69.44444444444444,3355.59,1480.0338698446878,-174.66308332783387,-13.38,69.44444444444444,0.0,True,1,0.07621766618069381,13.496353323613876
Wonka Bar -Scrumdiddlyumptious,Atlantic,Lot's O' Nuts,Wicked Choccy's,513,1305.370786516854,8456.4,5872.5,69.44444444444444,946.14,1473.608756387351,-168.23796987049695,-12.89,69.44444444444444,0.0,True,1,0.891248093036157,30.09096186072314
Wonka Bar -Scrumdiddlyumptious,Atlantic,Lot's O' Nuts,Sugar Shack,513,1305.370786516854,8456.4,5872.5,69.44444444444444,1975.47,1449.7157044302744,-144.34491791342043,-11.06,69.44444444444444,0.0,True,1,0.543062710780815,24.225254215616303
Wonka Bar -Scrumdiddlyumptious,Atlantic,Lot's O' Nuts,Secret Factory,513,1305.370786516854,8456.4,5872.5,69.44444444444444,1347.26,1480.0338698446878,-174.66308332783387,-13.38,69.44444444444444,0.0,True,1,0.7555635987240679,27.083271974481356
Wonka Bar -Scrumdiddlyumptious,Atlantic,Lot's O' Nuts,The Other Factory,513,1305.370786516854,8456.4,5872.5,69.44444444444444,1394.89,1497.6023584382626,-192.23157192140866,-14.73,69.44444444444444,0.0,True,1,0.7394520798167961,25.95104159633592
Wonka Bar - Fudge Mallows,Gulf,Lot's O' Nuts,Lot's O' Nuts,243,1304.5807560137457,3895.2000000000003,2596.8,66.66666666666666,2100.53,1494.0165817601146,-189.4358257463689,-14.52,66.66666666666666,0.0,True,1,0.500759402896217,21.30318805792434
Wonka Bar - Fudge Mallows,Gulf,Lot's O' Nuts,Wicked Choccy's,243,1304.5807560137457,3895.2000000000003,2596.8,66.66666666666666,897.82,1487.5914683027777,-183.01071228903197,-14.03,66.66666666666666,0.0,True,1,0.9075930141698829,29.73386028339766
Wonka Bar - Fudge Mallows,Gulf,Lot's O' Nuts,Sugar Shack,243,1304.5807560137457,3895.2000000000003,2596.8,66.66666666666666,2136.73,1463.6984163457012,-159.11766033195545,-12.2,66.66666666666666,0.0,True,1,0.48851424260977505,22.4502848521955
Wonka Bar - Fudge Mallows,Gulf,Lot's O' Nuts,Secret Factory,243,1304.5807560137457,3895.2000000000003,2596.8,66.66666666666666,1329.35,1541.8794032364522,-237.29864722270645,-18.19,66.66666666666666,0.0,True,1,0.7616219086889899,24.318438173779796
Wonka Bar - Fudge Mallows,Gulf,Lot's O' Nuts,The Other Factory,243,1304.5807560137457,3895.2000000000003,2596.8,66.66666666666666,624.64,1524.3526853668095,-219.7719293530638,-16.85,66.66666666666666,0.0,True,1,1.0,29.89
Wonka Bar - Nutty Crunch Surprise,Pacific,Lot's O' Nuts,Lot's O' Nuts,483,1304.4458041958042,7384.84,5268.84,71.34670487106017,878.52,1476.4034960480953,-171.9576918522912,-13.18,71.34670487106017,0.0,True,1,0.9141215112286767,30.374430224573537
Wonka Bar - Nutty Crunch Surprise,Pacific,Lot's O' Nuts,Wicked Choccy's,483,1304.4458041958042,7384.84,5268.84,71.34670487106017,3580.91,1484.155624545406,-179.70982034960184,-13.78,71.34670487106017,0.0,True,1,0.0,11.732000000000001
Wonka Bar - Nutty Crunch Surprise,Pacific,Lot's O' Nuts,Sugar Shack,483,1304.4458041958042,7384.84,5268.84,71.34670487106017,2294.99,1552.5430917542365,-248.0972875584323,-19.02,71.34670487106017,0.0,True,1,0.43498056672766694,17.28761133455334
Wonka Bar - Nutty Crunch Surprise,Pacific,Lot's O' Nuts,Secret Factory,483,1304.4458041958042,7384.84,5268.84,71.34670487106017,2570.3,1484.155624545406,-179.70982034960184,-13.78,71.34670487106017,0.0,True,1,0.3418530783724084,18.56906156744817
Wonka Bar - Nutty Crunch Surprise,Pacific,Lot's O' Nuts,The Other Factory,483,1304.4458041958042,7384.84,5268.84,71.34670487106017,2696.28,1482.437550752236,-177.99174655643174,-13.65,71.34670487106017,0.0,True,1,0.29923856751920486,17.794771350384096
Wonka Bar - Milk Chocolate,Gulf,Wicked Choccy's,Lot's O' Nuts,281,1289.7327327327328,4407.0,2861.16,64.92307692307692,2100.53,1494.8290217637855,-205.09628903105272,-15.9,64.92307692307692,0.0,True,1,0.500759402896217,20.475188057924342
Wonka Bar - Milk Chocolate,Gulf,Wicked Choccy's,Wicked Choccy's,281,1289.7327327327328,4407.0,2861.16,64.92307692307692,897.82,1488.4039083064486,-198.6711755737158,-15.4,64.92307692307692,0.0,True,1,0.9075930141698829,28.911860283397658
Wonka Bar - Milk Chocolate,Gulf,Wicked Choccy's,Sugar Shack,281,1289.7327327327328,4407.0,2861.16,64.92307692307692,2136.73,1464.510856349372,-174.77812361663928,-13.55,64.92307692307692,0.0,True,1,0.48851424260977505,21.6402848521955
Wonka Bar - Milk Chocolate,Gulf,Wicked Choccy's,Secret Factory,281,1289.7327327327328,4407.0,2861.16,64.92307692307692,1329.35,1542.691843240123,-252.95911050739028,-19.61,64.92307692307692,0.0,True,1,0.7616219086889899,23.4664381737798
Wonka Bar - Milk Chocolate,Gulf,Wicked Choccy's,The Other Factory,281,1289.7327327327328,4407.0,2861.16,64.92307692307692,624.64,1524.4377527348722,-234.70502000213946,-18.2,64.92307692307692,0.0,True,1,1.0,29.08
Kazookles,Atlantic,The Other Factory,Lot's O' Nuts,36,1273.1081081081081,484.25,37.25,7.6923076923076925,3355.59,1481.0207498415589,-207.91264173345076,-16.33,7.6923076923076925,0.0,True,1,0.07621766618069381,11.726353323613878
Kazookles,Atlantic,The Other Factory,Wicked Choccy's,36,1273.1081081081081,484.25,37.25,7.6923076923076925,946.14,1474.595636384222,-201.48752827611384,-15.83,7.6923076923076925,0.0,True,1,0.891248093036157,28.326961860723145
Kazookles,Atlantic,The Other Factory,Sugar Shack,36,1273.1081081081081,484.25,37.25,7.6923076923076925,1975.47,1450.7025844271454,-177.5944763190373,-13.95,7.6923076923076925,0.0,True,1,0.543062710780815,22.4912542156163
Kazookles,Atlantic,The Other Factory,Secret Factory,36,1273.1081081081081,484.25,37.25,7.6923076923076925,1347.26,1481.0207498415589,-207.91264173345076,-16.33,7.6923076923076925,0.0,True,1,0.7555635987240679,25.31327197448136
Kazookles,Atlantic,The Other Factory,The Other Factory,36,1273.1081081081081,484.25,37.25,7.6923076923076925,1394.89,1498.5892384351337,-225.48113032702554,-17.71,7.6923076923076925,0.0,True,1,0.7394520798167961,24.163041596335923
